<?xml version="1.0" encoding="utf-8"?>
<extension type="file"  version="3.0" client="site" method="upgrade">
    <name>RamblersLibrary</name>
    <author>Chris Vaughan Derby and South Derbyshire</author>
    <creationDate>26 June 2017</creationDate>
    <copyright>Copyright (C) 2016/2017</copyright>
    <license>http://www.gnu.org/licenses/gpl-2.0.html GNU/GPL</license>
    <authorEmail>webmaster@ramblers-webs.org.uk</authorEmail>
    <authorUrl>https://github.com/ramblerswebs/ramblers-library/wiki</authorUrl>
    <version>2.0.8</version>
    <description>Ramblers classes to process, JSON Walks feeds, Retrieve CB membership information</description>
    <fileset>
        <files target="ramblers">
            <filename>RamblersLibrary.xml</filename>
            <filename>readme.md</filename>
            <folder>accounts</folder>
            <folder>calendar</folder>
            <folder>directory</folder>
            <folder>event</folder>
            <folder>feedhelper</folder>
            <folder>geometry</folder>
            <folder>html</folder>
            <folder>ics</folder>
            <folder>images</folder>
            <folder>images/grades</folder>
            <folder>js</folder>
            <folder>jsonwalks</folder>
            <folder>jsonwalks/css</folder>
            <folder>jsonwalks/de02</folder>
            <folder>jsonwalks/leaflet</folder>
            <folder>jsonwalks/std</folder>
            <folder>jsonwalks/sx05</folder>
            <folder>leaflet</folder>
            <folder>leaflet/clustering</folder>
            <folder>leaflet/geocoder</folder>
            <folder>leaflet/geodesy</folder>
            <folder>leaflet/google</folder>
            <folder>leaflet/gpx</folder>
            <folder>leaflet/images</folder>
            <folder>leaflet/leaflet</folder>
            <folder>leaflet/locationsearch</folder>
            <folder>leaflet/mapcode</folder>
            <folder>leaflet/mouse</folder>
            <folder>license</folder>
            <folder>organisation</folder>
            <folder>osmap</folder>
            <folder>pages</folder>
            <folder>sql</folder>
            <folder>users</folder>
        </files>
    </fileset>
    <updateservers>
        <server type="extension" priority="1" name="Ramblers-webs Update Site">https://raw.githubusercontent.com/ramblerswebs/updates/master/updates/ramblerslibrary.xml</server>
    </updateservers>
</extension>
