<extension client="site" method="upgrade" type="module" version="3.0">
    <name>Ramblers Calendar Download</name>
    <creationDate>03 Mar 2022</creationDate>
    <author>Keith Grimes (Wiltshire Ramblers)</author>
    <authorUrl>http://www.wiltsswindonramblers.org.uk</authorUrl>
    <authorEmail>webmaster@wiltsswindonramblers.org.uk</authorEmail>
    <copyright>Copyright (C) 2016 Wiltshire Ramblers</copyright>
    <license>GNU General Public License version 2, or later.</license>
    <version>1.0.49</version>
    <description>Calendar File Download</description>

    <files>
            <filename module="mod_ra_calendar_download">mod_ra_calendar_download.php</filename>
            <filename>calendar_download.php</filename>
            <filename>helper.php</filename>
            <folder>scripts</folder>
            <folder>languages</folder>
            <folder>tmpl</folder>
            <folder>sql</folder>
    </files>
    <languages>
        <language tag="en-GB">languages/en-GB.mod_ra_calendar_download.ini</language>
    </languages>

    <scriptfile>scripts/install_script.php</scriptfile>

    <install>
         <sql>
             <file charset="utf8" driver="mysql">sql/mysql/install.mysql.utf8.sql</file>
         </sql>
    </install>

    <uninstall>
         <sql>
             <file charset="utf8" driver="mysql">sql/mysql/uninstall.mysql.utf8.sql</file>
         </sql>
    </uninstall>

    <update>
        <schemas>
            <schemapath type="mysql">sql/mysql/updates</schemapath>
        </schemas>
    </update>
    <config>
        <fields name="params">
            <fieldset name="basic">
              <field default="iCal" description="ID_DESC" label="ID_TEXT" name="id" size="100" type="text" />
              <field default="AV01" description="" label="Select Groups to Display" multiple="true" name="groups" query="SELECT description AS value, code FROM #__ra_groups" type="sql">
              </field>
              <field default="Download" label="BUTTON_TEXT" name="buttonText" size="100" type="text" />
              <field cols="20" default="Leading Text" label="PRE_TEXT" name="leadingText" rows="5" type="textarea" />
              <field cols="20" default="Trailing Text" label="POST_TEXT" name="trailingText" rows="5" type="textarea" />
              <field default="" description="Used to Colour / Style the Module" label="MOD_ICAL_MODULE_CLASS_SUFFIX" name="moduleclass_sfx" type="text" />
              <field default="30" description="RSS Timeout" label="Select Timeout" name="rsstimeout" required="true" type="text" />
            </fieldset>
        </fields>
    </config>
</extension>