<?xml version="1.0" encoding="utf-8"?>
<extension type="module" version="3.0" client="site" method="upgrade">
    <name>Ramblers Calendar Download</name>
    <creationDate>March 2, 2016</creationDate>
    <author>Keith Grimes (Wiltshire Ramblers)</author>
    <authorUrl>http://www.wiltsswindonramblers.org.uk</authorUrl>
    <authorEmail>webmaster@wiltsswindonramblers.org.uk</authorEmail>
    <copyright>Copyright (C) 2016 Wiltshire Ramblers</copyright>
    <license>GNU General Public License version 2, or later.</license>
    <version>0.3.5</version>
    <description>Calendar File Download</description>

    <files>
            <filename module="mod_ra_calendar_download">mod_ra_calendar_download.php</filename>
            <filename>calendar_download.php</filename>
            <filename>helper.php</filename>
            <folder>scripts</folder>
            <folder>languages</folder>
            <folder>tmpl</folder>
            <folder>sql</folder>
    </files>
    <languages>
        <language tag="en-GB">languages/en-GB.mod_ra_calendar_download.ini</language>
    </languages>

    <scriptfile>scripts/install_script.php</scriptfile>

    <install>
         <sql>
             <file driver="mysql" charset="utf8">sql/mysql/install.mysql.utf8.sql</file>
         </sql>
    </install>

    <uninstall>
         <sql>
             <file driver="mysql" charset="utf8">sql/mysql/uninstall.mysql.utf8.sql</file>
         </sql>
    </uninstall>

    <update>
        <schemas>
            <schemapath type="mysql">sql/mysql/updates</schemapath>
        </schemas>
    </update>
    <updateservers>
        <server type="extension" name="RA Calendar Download" priority="1">https://raw.githubusercontent.com/ramblerswebs/updates/master/updates/ra-calendar-module.xml</server>
    </updateservers>
    <config>
        <fields name="params">
            <fieldset name="basic">
              <field name="id" type="text" default="iCal" size="100" label="ID_TEXT" description="ID_DESC"/>
              <field name="groups" type="sql"
                label="Select Groups to Display"
                description="" multiple="true" default="AV01"
                query="SELECT description AS value, code FROM #__ra_groups">
              </field>
              <field name="buttonText" type="text" default="Download" size="100" label="BUTTON_TEXT"/>
              <field name="leadingText" type="textarea" default="Leading Text" rows="5" cols="20" label="PRE_TEXT"/>
              <field name="trailingText" type="textarea" default="Trailing Text" rows="5" cols="20" label="POST_TEXT"/>
              <field name="moduleclass_sfx" type="text" default="" label="MOD_ICAL_MODULE_CLASS_SUFFIX" description="Used to Colour / Style the Module" />
              <field name="rsstimeout" type="text" default="30" required="true" label="Select Timeout" description="RSS Timeout" />
            </fieldset>
        </fields>
    </config>
</extension>
