<?xml version="1.0" encoding="utf-8"?>
<extension type="file"  version="3.0" client="site" method="upgrade">
    <name>Ramblers Library</name>
    <author>Chris Vaughan Derby and South Derbyshire</author>
    <creationDate>19 April 2014</creationDate>
    <copyright>Copyright (C) 2014</copyright>
    <license>http://www.gnu.org/licenses/gpl-2.0.html GNU/GPL</license>
    <authorEmail>webmaster@ramblers-webs.org.uk</authorEmail>
    <authorUrl>www.ramblers-webs,org.uk</authorUrl>
    <version>1.1.4</version>
    <description>Ramblers classes to process, JSON Walks feeds, Retrieve CB membership information</description>
    <fileset>
        <files target="ramblers">
            <filename>ramblers-manifest.xml</filename>
            <filename>readme.md</filename>
            <folder>css</folder>
            <folder>directory</folder>
            <folder>feedhelper</folder>
            <folder>geometry</folder>
            <folder>html</folder>
            <folder>images</folder>
            <folder>js</folder>
            <folder>jsonwalks</folder>
            <folder>jsonwalks/de02</folder>
            <folder>jsonwalks/leaflet</folder>
            <folder>jsonwalks/std</folder>
            <folder>osmap</folder>
            <folder>sql</folder>
            <folder>users</folder>
        </files>
    </fileset>
    <updateservers>
        <server type="extension" priority="1" name="Ramblers-webs Update Site">http://updates.ramblers-webs.org.uk/ramblerslibrary.xml</server>
    </updateservers>  
</extension>
