<extension method="upgrade" type="package" version="2.5">
	<name>Ramblers Calendar</name>
	<author>Keith Grimes</author>
	<creationDate>31 Jan 2022</creationDate>
	<copyright>Copyright (C) 2018 by Keith Grimes</copyright>
	<license>GNU/GPLv3 http://www.gnu.org/licenses/gpl-3.0.html</license>
	<packagename>ra_calendar_download</packagename>
	<version>1.0.44</version>
	<url />
	<packager>Keith Grimes</packager>
	<packagerurl />
	<description>Ramblers Calendar Package successfully installed!&lt;br /&gt;&lt;br /&gt;&lt;div&gt;This package contains all extensions constituting the Ramblers Calendar Download functionality. It provides means to download Ramblers walks to your local calendar.&lt;/div&gt;&lt;br /&gt;&lt;div&gt;&lt;em&gt;If you have any questions or problems, please visit the &lt;a href='https:ne.wiltsswindonramblers.org.uk'&gt;project site&lt;/a&gt;.&lt;br /&gt;In case you want to uninstall Ramblers Calendar download, please use the Package to uninstall all extensions at once!&lt;br /&gt;Ramblers Calendar Download is published under the &lt;a target='_blank' title='GNU General Public License' href='http://www.gnu.org/copyleft/gpl.html'&gt;GNU General Public License&lt;/a&gt;.&lt;/div&gt;</description>
	<files folder="packages">
		<file id="com_ra_calendar_download" type="component">com_ra_calendar_download.zip</file>
		<file client="site" id="mod_ra_calendar_download" type="module">mod_ra_calendar_download.zip</file>
	</files>
    <updateservers>
        <server name="RA Calendar Download" priority="1" type="extension">https://raw.githubusercontent.com/ramblerswebs/updates/master/updates/pkg-ra-calendar-download.xml</server>
    </updateservers>
</extension>