<?xml version="1.0" encoding="utf-8"?>
<extension type="module" version="3.0" client="site" method="upgrade">
    <name>RA Cancelled</name>
    <author>Chris Vaughan Derby and South Derbyshire</author>
    <creationDate>2018-03-10</creationDate>
    <copyright>Copyright (C) 2018 Ramblers-webs.org.uk</copyright>
    <license>This extension in released under the GNU/GPL License</license>
    <authorEmail>webmaster@ramblers-webs.org.uk</authorEmail>
    <authorUrl>www.ramblers-webs.org.uk</authorUrl>
    <version>0.0.1</version>
    <description>This module displays cancelled walks</description>
    <updateservers>
        <server type="extension" name="Ramblers Cancelled Walks Module" priority="1">https://raw.githubusercontent.com/ramblerswebs/updates/master/updates/racancelled.xml</server>
    </updateservers>
    <files>
        <filename >mod_racancelled.php</filename>
        <folder module="mod_racancelled">tmpl</folder>
        <folder>css</folder>
        <filename>index.html</filename>
        <filename>en-GB.mod_racancelled.ini</filename>
    </files>
    <languages folder="langfiles">
        <language tag="en-GB">en-GB.mod_racancelled.ini</language>
    </languages>
    <config>
        <fields name="params">
            <fieldset name="basic">
                <field name="groups" type="text" default="" label="Groups" description="Groups for walks feed"/>
                <field type="spacer" name="myspacer" label="When diagnostics are turned off and there are no cancelled walks then this module does NOT display any output" />
                <field name="diagnostics" type="radio" default="1" label="Display diagnostic information">
                    <option value="1">Yes</option> 
                    <option value="0">No</option>
                </field>
            </fieldset>       
        </fields>
    </config>
</extension>
