<?xml version="1.0" encoding="utf-8"?>
<extension type="component" version="3.0" method="upgrade">
    <name>com_rw_accounts</name>
    <creationDate>2020-03-10</creationDate>
    <copyright>2020 webmaster@ramblers-webs.org.uk</copyright>
    <license>GNU General Public License version 2 or later; see LICENSE.txt</license>
    <author>webmaster@ramblers-webs.org.uk</author>
    <authorEmail>webmaster@ramblers-webs.org.uk</authorEmail>
    <authorUrl>http://ramblers-webs.org.uk</authorUrl>
    <version>CVS: 0.0.2</version>
    <description>COM_RW_ACCOUNTS_XML_DESCRIPTION</description>
    
    <scriptfile>script.php</scriptfile>
    
    <install> <!-- Runs on install -->
        <sql>
            <file driver="mysql" charset="utf8">sql/install.mysql.utf8.sql</file>
        </sql>
    </install>
    <update> <!-- Runs on update -->
        <sql>
            <file driver="mysql" charset="utf8">sql/update.mysql.utf8.sql</file>
        </sql>
    </update>
    <uninstall> <!-- Runs on uninstall -->
        <sql>
            <file driver="mysql" charset="utf8">sql/uninstall.mysql.utf8.sql</file>
        </sql>
    </uninstall>

    <files folder="site">
        <filename>index.html</filename>
        <filename>rw_accounts.php</filename>
        <filename>controller.php</filename>
        <filename>router.php</filename>
        <folder>views</folder>
        <folder>models</folder>
        <folder>controllers</folder>
        <folder>helpers</folder>
    </files>
    <media destination="com_rw_accounts" folder="media">
        <folder>js</folder>
        <folder>css</folder>
    </media>
    <languages folder="site/languages">
        
			<language tag="en-GB">en-GB/en-GB.com_rw_accounts.ini</language>
    </languages>
    <administration>
        <menu>COM_RW_ACCOUNTS</menu>
        <submenu>
            
			<menu link="option=com_rw_accounts&amp;view=domains" view="domains" alt="Rw_accounts/Domains">COM_RW_ACCOUNTS_TITLE_DOMAINS</menu>

			<menu link="option=com_rw_accounts&amp;view=exports" view="exports" alt="Rw_accounts/Exports">COM_RW_ACCOUNTS_TITLE_EXPORTS</menu>

        </submenu>
        <files folder="administrator">
            <filename>access.xml</filename>
            <filename>config.xml</filename>
            <filename>controller.php</filename>
            <filename>index.html</filename>
            <filename>rw_accounts.php</filename>
            <folder>controllers</folder>
            <folder>assets</folder>
            <folder>helpers</folder>
            <folder>models</folder>
            <folder>sql</folder>
            <folder>tables</folder>
            <folder>views</folder>
        </files>
        <languages folder="administrator/languages">
            
			<language tag="en-GB">en-GB/en-GB.com_rw_accounts.ini</language>
			<language tag="en-GB">en-GB/en-GB.com_rw_accounts.sys.ini</language>
        </languages>
    </administration>
    <config>
        <fields name="params">
            <fieldset name="component">
                <field name="save_history" default="0" />
            </fieldset>
        </fields>
    </config>
    <plugins>
        <plugin group="search" plugin="rw_accounts"/>
    </plugins>
    
</extension>
<!-- Component built by the Joomla Component Creator -->
<!-- http://www.component-creator.com/ -->
