<extension client="site" method="upgrade" type="file">
	<name>Hydrogen Template - Ramblers Customisation</name>
	<element>tpl_hydrogen_ramblers</element>
	<author>Keith Grimes</author>
	<description>Ramblers Hydrogen Template Extension</description>
	<creationDate>28 Feb 2022</creationDate>
	<copyright>Copyright (C) 2021 by Keith Grimes</copyright>
	<license>GNU/GPLv3 http://www.gnu.org/licenses/gpl-3.0.html</license>
	<homepage />
	<authorEmail>webmaster@wiltsswindonramblers.org.uk</authorEmail>
	<authorUrl />
	<version>1.0.7</version>
    <scriptfile>install.php</scriptfile>
	<fileset>
		<files folder="templates/g5_hydrogen/admin/images" target="templates/g5_hydrogen/admin/images">
			<file>ramblers-granite-sunset.png</file>
			<file>ramblers-mintcake-sunset.png</file>
		</files>
		<files folder="templates/g5_hydrogen/custom" target="templates/g5_hydrogen/custom">
			<folder>blueprints</folder>
			<folder>engine</folder>
			<folder>gantry</folder>
			<folder>layouts</folder>
			<folder>particles</folder>
			<folder>scss</folder>
		</files>
	</fileset>
	<updateservers>
        <server name="RA Hydrogen Customisation" priority="1" type="extension">https://raw.githubusercontent.com/ramblerswebs/updates/master/updates/tpl_hydrogen_ramblers.xml</server>
    </updateservers>
</extension>