<?xml version="1.0" encoding="utf-8"?>
<form>
    <config>
        <fields name="params">
            <fieldset name="splitmenu" label="Splitmenu Menu Options" addfieldpath="/templates/gantry/fields">
                <field name="splitmenu_item_subtext" type="text" size="30" default="" label="Subtext Line" description="You can put a second line here"/>
                <field name="splitmenu_customimage" type="imagelist" default="" label="Menu Image" description="The default location for images listed here is the template/images/icons/ folder.  Modify and update them as needed" directory="/templates/gantry/images/icons" exclude="" stripext=""/>
                <field name="splitmenu_customicon" type="iconlist" default="" label="Menu Icon" description="Choose an icon available via Font Awesome - http://fortawesome.github.com/Font-Awesome/" />
                <field name="splitmenu_customclass" type="text" size="30" label="Custom CSS Class" description="A Custom CSS class that can be assigned to this item"/>
            </fieldset>
        </fields>
    </config>
</form>