<extension client="administrator" method="upgrade" type="component" version="3.0">
	<name>com_ra_calendar_download</name>
	<author>Keith Grimes</author>
	<description>COM_RA_CALENDAR_DOWNLOAD_DESC</description>
	<creationDate>24 May 2020</creationDate>
	<copyright>Copyright (C) 2018 by Keith Grimes</copyright>
	<license>GNU/GPLv3 http://www.gnu.org/licenses/gpl-3.0.html</license>
	<homepage />
	<authorEmail>webmaster@wiltsswindonramblers.org.uk</authorEmail>
	<authorUrl />
	<version>1.0.42</version>
	<install> 

	</install>
	<uninstall> 

	</uninstall>
	<update> 

	</update>
	<administration>
		<menu>com_ra_calendar_download</menu>
		<files folder="admin">
			<filename component="com_ra_calendar_download">ra_calendar_download.php</filename>
			<filename>index.html</filename>
			<filename>controller.php</filename>
			<folder>controllers</folder>
			<folder>helpers</folder>
			<folder>models</folder>
			<folder>views</folder>
			<folder>tables</folder>
		</files>
		<languages folder="languages">
			<language tag="en-GB">en-GB/en-GB.com_ra_calendar_download.ini</language>
			<language tag="en-GB">en-GB/en-GB.com_ra_calendar_download.sys.ini</language>
		</languages>
	</administration>
</extension>