<?xml version="1.0" encoding="utf-8"?>
<extension type="file" client="site" method="upgrade">
	<name>Hydrogen Template - Ramblers Customisation</name>
	<element>tpl_hydrogen_ramblers</element>
	<author>Keith Grimes</author>
	<description>Ramblers Hydrogen Template Extension</description>
	<creationDate>December 2021</creationDate>
	<copyright>Copyright (C) 2021 by Keith Grimes</copyright>
	<license>GNU/GPLv3 http://www.gnu.org/licenses/gpl-3.0.html</license>
	<homepage></homepage>
	<authorEmail>webmaster@wiltsswindonramblers.org.uk</authorEmail>
	<authorUrl></authorUrl>
	<version>2.0.10</version>
    <scriptfile>install.php</scriptfile>
	<fileset>
		<files folder="templates/g5_hydrogen/admin/images" target="templates/g5_hydrogen/admin/images">
			<file>ramblers-cloudy.png</file>
			<file>ramblers-granite-mintcake-white.png</file>
			<file>ramblers-granite.png</file>
			<file>ramblers-mintcake-white.png</file>
			<file>ramblers-mintcake-granite.png</file>
			<file>ramblers-mintcake-sunset-granite.png</file>
			<file>ramblers-mintcake-sunset-white.png</file>
			<file>ramblers-rosycheeks-granite.png</file>
			<file>ramblers-rosycheeks-white.png</file>
			<file>ramblers-sunrise-granite.png</file>
			<file>ramblers-sunrise-white.png</file>
			<file>ramblers-sunset-white.png</file>
			<file>ramblers-sunset-granite.png</file>
			<file>ramblers-sunset-mintcake-granite.png</file>
			<file>ramblers-sunset-mintcake-white.png</file>
		</files>
	
		<files folder="templates/g5_hydrogen/custom" target="templates/g5_hydrogen/custom">
			<folder>blueprints</folder>
			<folder>engine</folder>
			<folder>gantry</folder>
			<folder>images</folder>
			<folder>layouts</folder>
			<folder>particles</folder>
			<folder>scss</folder>
		</files>
	</fileset>
	<updateservers>
        <server type="extension" name="RA Hydrogen Customisation" priority="1">https://raw.githubusercontent.com/ramblerswebs/updates/master/updates/tpl_hydrogen_ramblers.xml</server>
    </updateservers>
</extension>
