<?xml version="1.0" encoding="utf-8"?>
<metadata>
    <layout title="COM_RA_WALKS_EDITOR_TITLE_ITEM_VIEW_WALK" option="View">
        <message>
                        <![CDATA[COM_RA_WALKS_EDITOR_TITLE_ITEM_VIEW_WALK_DESC]]>
        </message>
    </layout>
    <fields name="request">
        <fieldset 
            name="request"
            label="COM_RA_WALKS_EDITOR_FIELDSET_ITEM_ID_SELECT_LABEL">
            <field
                name="id"
                query="SELECT `id`, `status` FROM #__ra_walks_editor_walks ORDER BY `id`"
                type="sql"
                key_field="id" 
                value_field="status"
                label="COM_RA_WALKS_EDITOR_ITEM_ID_SELECT_LABEL"
                require="true"
                description="JGLOBAL_SHOW_TITLE_DESC">
            </field>
        </fieldset>
    </fields>
</metadata>
