<?xml version="1.0" encoding="utf-8"?>
<extension type="library" method="upgrade" version="3.0.0">
    <name>Ramblers</name>
    <libraryname>joomla/ramblers</libraryname>
    <author>Chris Vaughan Derby and South Derbyshire</author>
    <creationDate>September 2014</creationDate>
    <copyright>Copyright (C) 2014</copyright>
    <license>http://www.gnu.org/licenses/gpl-2.0.html GNU/GPL</license>
    <authorEmail>webmaster@ramblers-webs.org.uk</authorEmail>
    <authorUrl>www.ramblers-webs,org.uk</authorUrl>
    <version>0.2</version>
    <description>Ramblers classes to process, JSON Walks feeds, Retrieve CB membership information</description>
     <updateservers>
        <server type="library" priority="1" name="Ramblers-webs Update Site">http://updates.ramblers-webs.org.uk/ramblerslibrary.xml</server>
   </updateservers>
    <files>
        <filename>feedhelper.php</filename>
        <filename>html.php</filename>
        <filename>utils.php</filename>
        <filename>README.md</filename>
        <folder>users</folder>
        <folder>walksfeed</folder>
    </files>
</extension>
