<?xml version="1.0" encoding="UTF-8" standalone="no"?>
<extension version="3.1" type="template" method="upgrade">
    <name>gantry</name>
    <author>RocketTheme, LLC</author>
    <creationDate>13 February 2022</creationDate>
    <copyright>(C) 2005 - 2022 RocketTheme, LLC. All rights reserved.</copyright>
    <license>http://www.gnu.org/copyleft/gpl.html GNU/GPL</license>
    <authorEmail>support@rockettheme.com</authorEmail>
    <authorUrl>http://www.rockettheme.com</authorUrl>
    <version>2.2.11</version>
    <description>RA 2.2.10 - Based on Gantry 4 Starting Template 4.1.43</description>
    <legacycss>false</legacycss>
    <gridcss>false</gridcss>
    <files>
        <filename>component.php</filename>
        <filename>debugbody.php</filename>
        <filename>error.php</filename>
        <filename>favicon.ico</filename>
        <filename>gantry.config.php</filename>
        <filename>htaccess.txt</filename>
        <filename>index.php</filename>
        <filename>offline.php</filename>
        <filename>template_preview.png</filename>
        <filename>template_thumbnail.png</filename>
        <filename>template-options.xml</filename>
        <filename>template-overview.php</filename>
        <filename>template-thumb-big.png</filename>
        <filename>templateDetails.xml</filename>
        <filename>tests.php</filename>
        <filename>MD5SUMS</filename>
        <folder>admin</folder>
        <folder>css</folder>
        <folder>css-compiled</folder>
        <folder>custom</folder>
        <folder>features</folder>
        <folder>fields</folder>
        <folder>html</folder>
        <folder>images</folder>
        <folder>js</folder>
        <folder>language</folder>
        <folder>less</folder>
        <folder>lib</folder>
    </files>
    <positions>
        <position>analytics</position>
        <position>drawer</position>
        <position>top-a</position>
        <position>top-b</position>
        <position>top-c</position>
        <position>top-d</position>
        <position>top-e</position>
        <position>top-f</position>
        <position>header-a</position>
        <position>header-b</position>
        <position>header-c</position>
        <position>header-d</position>
        <position>header-e</position>
        <position>header-f</position>
        <position>showcase-a</position>
        <position>showcase-b</position>
        <position>showcase-c</position>
        <position>showcase-d</position>
        <position>showcase-e</position>
        <position>showcase-f</position>
        <position>feature-a</position>
        <position>feature-b</position>
        <position>feature-c</position>
        <position>feature-d</position>
        <position>feature-e</position>
        <position>feature-f</position>
        <position>utility-a</position>
        <position>utility-b</position>
        <position>utility-c</position>
        <position>utility-d</position>
        <position>utility-e</position>
        <position>utility-f</position>
        <position>maintop-a</position>
        <position>maintop-b</position>
        <position>maintop-c</position>
        <position>maintop-d</position>
        <position>maintop-e</position>
        <position>maintop-f</position>
        <position>fullwidth</position>
        <position>breadcrumb</position>
        <position>sidebar-a</position>
        <position>sidebar-b</position>
        <position>sidebar-c</position>
        <position>content-top-a</position>
        <position>content-top-b</position>
        <position>content-top-c</position>
        <position>content-bottom-a</position>
        <position>content-bottom-b</position>
        <position>content-bottom-c</position>
        <position>mainbottom-a</position>
        <position>mainbottom-b</position>
        <position>mainbottom-c</position>
        <position>mainbottom-d</position>
        <position>mainbottom-e</position>
        <position>mainbottom-f</position>
        <position>extension-a</position>
        <position>extension-b</position>
        <position>extension-c</position>
        <position>extension-d</position>
        <position>extension-e</position>
        <position>extension-f</position>
        <position>bottom-a</position>
        <position>bottom-b</position>
        <position>bottom-c</position>
        <position>bottom-d</position>
        <position>bottom-e</position>
        <position>bottom-f</position>
        <position>footer-a</position>
        <position>footer-b</position>
        <position>footer-c</position>
        <position>footer-d</position>
        <position>footer-e</position>
        <position>footer-f</position>
        <position>copyright-a</position>
        <position>copyright-b</position>
        <position>copyright-c</position>
        <position>copyright-d</position>
        <position>copyright-e</position>
        <position>copyright-f</position>
        <position>debug</position>
    </positions>
    <config>
        <fields name="params">
            <fieldset name="base">
                <field name="master" type="hidden" value="true" default="true"/>
            </fieldset>
        </fields>
    </config>
    <updateservers>
        <server type="extension" priority="1" name="Ramblers-template Update Site">https://raw.githubusercontent.com/ramblerswebs/updates/master/updates/ramblerstemplate.xml</server>
    </updateservers>
</extension>
